{
    "model": "gaussian_global_transmission",
    "source_csv": "random_line_push_waypoints\\3958701568\\mujoco_random_line_results\\mujoco_random_line_ft.csv",
    "calibration_samples": 1588,
    "parameters": {
        "gaussian_sigma_m": 0.08000002979693188,
        "transmission_gain": 0.5499813606885421,
        "sensor_gain": {
            "FT1": 1.000021257775358,
            "FT2": 1.000009228992909,
            "FT3": 1.0000234931808418,
            "FT4": 1.000015801306732,
            "FT5": 1.0000342560266875
        }
    },
    "settings": {
        "sensor_offset_m": 0.093,
        "plate_thickness_m": 0.01,
        "contact_patch_radius_m": 0.005,
        "contact_patch_points": 16,
        "min_true_force_N": 0.2,
        "torque_res_scale": 50.0,
        "sigma_bounds_m": [
            0.02,
            0.2
        ],
        "transmission_gain_bounds": [
            0.01,
            5.0
        ],
        "sensor_gain_bounds": [
            0.5,
            1.5
        ]
    },
    "fit_quality": {
        "optimizer_cost": 0.31077340066610454,
        "optimizer_success": true,
        "optimizer_message": "`ftol` termination condition is satisfied.",
        "mean_force_rmse_N": 0.004929078277667936,
        "mean_torque_rmse_Nm": 1.9702166925698635e-05,
        "mean_measured_force_sum_N": 7.75082213549043,
        "mean_predicted_force_sum_N": 7.750400849478443
    }
}