{
    "model": "gaussian_global_transmission",
    "source_csv": "random_line_push_waypoints\\3050449392\\mujoco_random_line_results\\mujoco_random_line_ft.csv",
    "calibration_samples": 1473,
    "parameters": {
        "gaussian_sigma_m": 0.07999996686913341,
        "transmission_gain": 0.5499422721238864,
        "sensor_gain": {
            "FT1": 1.0000679700336106,
            "FT2": 1.0000603600268554,
            "FT3": 1.000063274321747,
            "FT4": 1.0000606309012565,
            "FT5": 1.0000683462917945
        }
    },
    "settings": {
        "sensor_offset_m": 0.093,
        "plate_thickness_m": 0.01,
        "contact_patch_radius_m": 0.005,
        "contact_patch_points": 16,
        "min_true_force_N": 0.2,
        "torque_res_scale": 50.0,
        "sigma_bounds_m": [
            0.02,
            0.2
        ],
        "transmission_gain_bounds": [
            0.01,
            5.0
        ],
        "sensor_gain_bounds": [
            0.5,
            1.5
        ]
    },
    "fit_quality": {
        "optimizer_cost": 0.2877196263991013,
        "optimizer_success": true,
        "optimizer_message": "`ftol` termination condition is satisfied.",
        "mean_force_rmse_N": 0.004926399530855879,
        "mean_torque_rmse_Nm": 1.9697995411629884e-05,
        "mean_measured_force_sum_N": 11.27709816155484,
        "mean_predicted_force_sum_N": 11.276792189636586
    }
}