{
    "model": "gaussian_global_transmission",
    "source_csv": "random_line_push_waypoints\\3805043844\\mujoco_random_line_results\\mujoco_random_line_ft.csv",
    "calibration_samples": 1488,
    "parameters": {
        "gaussian_sigma_m": 0.08000012504168247,
        "transmission_gain": 0.5500022103975877,
        "sensor_gain": {
            "FT1": 1.000001124539495,
            "FT2": 0.9999872346574787,
            "FT3": 0.9999924560811468,
            "FT4": 0.9999866514532486,
            "FT5": 0.9999994480880405
        }
    },
    "settings": {
        "sensor_offset_m": 0.093,
        "plate_thickness_m": 0.01,
        "contact_patch_radius_m": 0.005,
        "contact_patch_points": 16,
        "min_true_force_N": 0.2,
        "torque_res_scale": 50.0,
        "sigma_bounds_m": [
            0.02,
            0.2
        ],
        "transmission_gain_bounds": [
            0.01,
            5.0
        ],
        "sensor_gain_bounds": [
            0.5,
            1.5
        ]
    },
    "fit_quality": {
        "optimizer_cost": 0.2918059964428202,
        "optimizer_success": true,
        "optimizer_message": "`ftol` termination condition is satisfied.",
        "mean_force_rmse_N": 0.004932269805971898,
        "mean_torque_rmse_Nm": 1.98466512563429e-05,
        "mean_measured_force_sum_N": 11.62737973082956,
        "mean_predicted_force_sum_N": 11.627106879463708
    }
}