{
    "model": "gaussian_global_transmission",
    "source_csv": "random_line_push_waypoints\\464982520\\mujoco_random_line_results\\mujoco_random_line_ft.csv",
    "calibration_samples": 1333,
    "parameters": {
        "gaussian_sigma_m": 0.07999971469939439,
        "transmission_gain": 0.5500114368231108,
        "sensor_gain": {
            "FT1": 1.0000008429918514,
            "FT2": 0.9999891801212751,
            "FT3": 0.9999964111044696,
            "FT4": 0.9999873185680885,
            "FT5": 0.9999986536805442
        }
    },
    "settings": {
        "sensor_offset_m": 0.093,
        "plate_thickness_m": 0.01,
        "contact_patch_radius_m": 0.005,
        "contact_patch_points": 16,
        "min_true_force_N": 0.2,
        "torque_res_scale": 50.0,
        "sigma_bounds_m": [
            0.02,
            0.2
        ],
        "transmission_gain_bounds": [
            0.01,
            5.0
        ],
        "sensor_gain_bounds": [
            0.5,
            1.5
        ]
    },
    "fit_quality": {
        "optimizer_cost": 0.2599516727252773,
        "optimizer_success": true,
        "optimizer_message": "`ftol` termination condition is satisfied.",
        "mean_force_rmse_N": 0.004916010202655053,
        "mean_torque_rmse_Nm": 1.976193211930791e-05,
        "mean_measured_force_sum_N": 7.1407578631375355,
        "mean_predicted_force_sum_N": 7.140460297012872
    }
}