{
    "model": "gaussian_global_transmission",
    "source_csv": "random_line_push_waypoints\\1550682676\\mujoco_random_line_results\\mujoco_random_line_ft.csv",
    "calibration_samples": 1447,
    "parameters": {
        "gaussian_sigma_m": 0.07999992745591727,
        "transmission_gain": 0.5499928786246601,
        "sensor_gain": {
            "FT1": 1.0000160093615185,
            "FT2": 1.000014635356893,
            "FT3": 1.0000124029742772,
            "FT4": 1.0000027222541792,
            "FT5": 1.0000073827210325
        }
    },
    "settings": {
        "sensor_offset_m": 0.093,
        "plate_thickness_m": 0.01,
        "contact_patch_radius_m": 0.005,
        "contact_patch_points": 16,
        "min_true_force_N": 0.2,
        "torque_res_scale": 50.0,
        "sigma_bounds_m": [
            0.02,
            0.2
        ],
        "transmission_gain_bounds": [
            0.01,
            5.0
        ],
        "sensor_gain_bounds": [
            0.5,
            1.5
        ]
    },
    "fit_quality": {
        "optimizer_cost": 0.28450327529631353,
        "optimizer_success": true,
        "optimizer_message": "`ftol` termination condition is satisfied.",
        "mean_force_rmse_N": 0.0049393059480767705,
        "mean_torque_rmse_Nm": 1.970077757913872e-05,
        "mean_measured_force_sum_N": 7.141091877469516,
        "mean_predicted_force_sum_N": 7.140668598420743
    }
}