{
    "model": "gaussian_global_transmission",
    "source_csv": "random_line_push_waypoints\\774196440\\mujoco_random_line_results\\mujoco_random_line_ft.csv",
    "calibration_samples": 1461,
    "parameters": {
        "gaussian_sigma_m": 0.07999991443023187,
        "transmission_gain": 0.5500047673548618,
        "sensor_gain": {
            "FT1": 0.9999978866393144,
            "FT2": 0.999995721713752,
            "FT3": 0.9999995502470114,
            "FT4": 0.9999930678431399,
            "FT5": 0.9999954815690228
        }
    },
    "settings": {
        "sensor_offset_m": 0.093,
        "plate_thickness_m": 0.01,
        "contact_patch_radius_m": 0.005,
        "contact_patch_points": 16,
        "min_true_force_N": 0.2,
        "torque_res_scale": 50.0,
        "sigma_bounds_m": [
            0.02,
            0.2
        ],
        "transmission_gain_bounds": [
            0.01,
            5.0
        ],
        "sensor_gain_bounds": [
            0.5,
            1.5
        ]
    },
    "fit_quality": {
        "optimizer_cost": 0.2849836189065818,
        "optimizer_success": true,
        "optimizer_message": "`ftol` termination condition is satisfied.",
        "mean_force_rmse_N": 0.004917423429386841,
        "mean_torque_rmse_Nm": 1.9735468067916098e-05,
        "mean_measured_force_sum_N": 7.360404664184902,
        "mean_predicted_force_sum_N": 7.359948305669579
    }
}