{
    "model": "gaussian_global_transmission",
    "source_csv": "random_line_push_waypoints\\3709737172\\mujoco_random_line_results\\mujoco_random_line_ft.csv",
    "calibration_samples": 1140,
    "parameters": {
        "gaussian_sigma_m": 0.07999973823170131,
        "transmission_gain": 0.5500126353225538,
        "sensor_gain": {
            "FT1": 0.9999928077530018,
            "FT2": 0.9999855450620051,
            "FT3": 0.9999942624020766,
            "FT4": 0.9999883269877937,
            "FT5": 0.9999832569265481
        }
    },
    "settings": {
        "sensor_offset_m": 0.093,
        "plate_thickness_m": 0.01,
        "contact_patch_radius_m": 0.005,
        "contact_patch_points": 16,
        "min_true_force_N": 0.2,
        "torque_res_scale": 50.0,
        "sigma_bounds_m": [
            0.02,
            0.2
        ],
        "transmission_gain_bounds": [
            0.01,
            5.0
        ],
        "sensor_gain_bounds": [
            0.5,
            1.5
        ]
    },
    "fit_quality": {
        "optimizer_cost": 0.22279447104436992,
        "optimizer_success": true,
        "optimizer_message": "`ftol` termination condition is satisfied.",
        "mean_force_rmse_N": 0.004925882935186046,
        "mean_torque_rmse_Nm": 1.9734497952060016e-05,
        "mean_measured_force_sum_N": 9.17093998303792,
        "mean_predicted_force_sum_N": 9.170741541810271
    }
}